"SpeciesName","FMSY","FishingPressure","ICES.Areas..splited.with.character.....","Year"
"Clupea harengus",NA,NA,"27.6.a ~ 27.7.b ~ 27.7.c.1 ~ 27.7.c.2",2012
"Clupea harengus",NA,NA,"27.6.a ~ 27.7.b ~ 27.7.c.1 ~ 27.7.c.2",2013
"Clupea harengus",NA,0.0341394787968111,"27.6.a ~ 27.7.b ~ 27.7.c.1 ~ 27.7.c.2",2014
"Clupea harengus",NA,NA,"27.7.e ~ 27.7.f",2012
"Clupea harengus",NA,NA,"27.7.e ~ 27.7.f",2013
"Clupea harengus",NA,NA,"27.7.e ~ 27.7.f",2014
"Clupea harengus",0.26,0.241923,"27.7.a ~ 27.7.g ~ 27.7.h ~ 27.7.j.1 ~ 27.7.j.2 ~ 27.7.k.1 ~ 27.7.k.2",2012
"Clupea harengus",0.26,0.203139,"27.7.a ~ 27.7.g ~ 27.7.h ~ 27.7.j.1 ~ 27.7.j.2 ~ 27.7.k.1 ~ 27.7.k.2",2013
"Clupea harengus",0.26,0.307481,"27.7.a ~ 27.7.g ~ 27.7.h ~ 27.7.j.1 ~ 27.7.j.2 ~ 27.7.k.1 ~ 27.7.k.2",2014
"Lophius piscatorius",0.192,0.176,"27.7.a ~ 27.7.b ~ 27.7.c.1 ~ 27.7.c.2 ~ 27.7.d ~ 27.7.e ~ 27.7.f ~ 27.7.g ~ 27.7.h ~ 27.7.j.1 ~ 27.7.j.2 ~ 27.7.k.1 ~ 27.7.k.2 ~ 27.8.a ~ 27.8.b ~ 27.8.d.1 ~ 27.8.d.2",2012
"Lophius piscatorius",0.192,0.1752,"27.7.a ~ 27.7.b ~ 27.7.c.1 ~ 27.7.c.2 ~ 27.7.d ~ 27.7.e ~ 27.7.f ~ 27.7.g ~ 27.7.h ~ 27.7.j.1 ~ 27.7.j.2 ~ 27.7.k.1 ~ 27.7.k.2 ~ 27.8.a ~ 27.8.b ~ 27.8.d.1 ~ 27.8.d.2",2013
"Lophius piscatorius",0.192,0.182,"27.7.a ~ 27.7.b ~ 27.7.c.1 ~ 27.7.c.2 ~ 27.7.d ~ 27.7.e ~ 27.7.f ~ 27.7.g ~ 27.7.h ~ 27.7.j.1 ~ 27.7.j.2 ~ 27.7.k.1 ~ 27.7.k.2 ~ 27.8.a ~ 27.8.b ~ 27.8.d.1 ~ 27.8.d.2",2014
"Pleuronectes platessa",NA,1970,"27.7.e",2012
"Pleuronectes platessa",NA,1338,"27.7.e",2013
"Pleuronectes platessa",NA,1051,"27.7.e",2014
"Merluccius merluccius",0.24,0.172324,"27.3.a ~ 27.4.a ~ 27.4.b ~ 27.4.c ~ 27.6.a ~ 27.6.b.1 ~ 27.6.b.2 ~ 27.7.a ~ 27.7.b ~ 27.7.c.1 ~ 27.7.c.2 ~ 27.7.d ~ 27.7.e ~ 27.7.f ~ 27.7.g ~ 27.7.h ~ 27.7.j.1 ~ 27.7.j.2 ~ 27.7.k.1 ~ 27.7.k.2 ~ 27.8.a ~ 27.8.b ~ 27.8.d.1 ~ 27.8.d.2",2012
"Merluccius merluccius",0.24,0.159368,"27.3.a ~ 27.4.a ~ 27.4.b ~ 27.4.c ~ 27.6.a ~ 27.6.b.1 ~ 27.6.b.2 ~ 27.7.a ~ 27.7.b ~ 27.7.c.1 ~ 27.7.c.2 ~ 27.7.d ~ 27.7.e ~ 27.7.f ~ 27.7.g ~ 27.7.h ~ 27.7.j.1 ~ 27.7.j.2 ~ 27.7.k.1 ~ 27.7.k.2 ~ 27.8.a ~ 27.8.b ~ 27.8.d.1 ~ 27.8.d.2",2013
"Merluccius merluccius",0.24,0.171093,"27.3.a ~ 27.4.a ~ 27.4.b ~ 27.4.c ~ 27.6.a ~ 27.6.b.1 ~ 27.6.b.2 ~ 27.7.a ~ 27.7.b ~ 27.7.c.1 ~ 27.7.c.2 ~ 27.7.d ~ 27.7.e ~ 27.7.f ~ 27.7.g ~ 27.7.h ~ 27.7.j.1 ~ 27.7.j.2 ~ 27.7.k.1 ~ 27.7.k.2 ~ 27.8.a ~ 27.8.b ~ 27.8.d.1 ~ 27.8.d.2",2014
"Solea solea",0.29,0.2229,"27.7.e",2012
"Solea solea",0.29,0.2258,"27.7.e",2013
"Solea solea",0.29,0.2036,"27.7.e",2014
"Solea solea",0.251,0.345,"27.7.f ~ 27.7.g",2012
"Solea solea",0.251,0.348,"27.7.f ~ 27.7.g",2013
"Solea solea",0.251,0.348,"27.7.f ~ 27.7.g",2014
"Melanogrammus aeglefinus",0.353,0.562,"27.7.b ~ 27.7.c.1 ~ 27.7.c.2 ~ 27.7.e ~ 27.7.f ~ 27.7.g ~ 27.7.h ~ 27.7.j.1 ~ 27.7.j.2 ~ 27.7.k.1 ~ 27.7.k.2",2012
"Melanogrammus aeglefinus",0.353,0.517,"27.7.b ~ 27.7.c.1 ~ 27.7.c.2 ~ 27.7.e ~ 27.7.f ~ 27.7.g ~ 27.7.h ~ 27.7.j.1 ~ 27.7.j.2 ~ 27.7.k.1 ~ 27.7.k.2",2013
"Melanogrammus aeglefinus",0.353,0.484,"27.7.b ~ 27.7.c.1 ~ 27.7.c.2 ~ 27.7.e ~ 27.7.f ~ 27.7.g ~ 27.7.h ~ 27.7.j.1 ~ 27.7.j.2 ~ 27.7.k.1 ~ 27.7.k.2",2014
"Merlangius merlangus",0.375,0.404,"27.7.b ~ 27.7.c.1 ~ 27.7.c.2 ~ 27.7.e ~ 27.7.f ~ 27.7.g ~ 27.7.h ~ 27.7.j.1 ~ 27.7.j.2 ~ 27.7.k.1 ~ 27.7.k.2",2012
"Merlangius merlangus",0.375,0.414,"27.7.b ~ 27.7.c.1 ~ 27.7.c.2 ~ 27.7.e ~ 27.7.f ~ 27.7.g ~ 27.7.h ~ 27.7.j.1 ~ 27.7.j.2 ~ 27.7.k.1 ~ 27.7.k.2",2013
"Merlangius merlangus",0.375,0.455,"27.7.b ~ 27.7.c.1 ~ 27.7.c.2 ~ 27.7.e ~ 27.7.f ~ 27.7.g ~ 27.7.h ~ 27.7.j.1 ~ 27.7.j.2 ~ 27.7.k.1 ~ 27.7.k.2",2014
"Gadus morhua",0.29,0.905,"27.7.e ~ 27.7.f ~ 27.7.g ~ 27.7.h ~ 27.7.j.1 ~ 27.7.j.2 ~ 27.7.k.1 ~ 27.7.k.2",2012
"Gadus morhua",0.29,0.95,"27.7.e ~ 27.7.f ~ 27.7.g ~ 27.7.h ~ 27.7.j.1 ~ 27.7.j.2 ~ 27.7.k.1 ~ 27.7.k.2",2013
"Gadus morhua",0.29,0.913,"27.7.e ~ 27.7.f ~ 27.7.g ~ 27.7.h ~ 27.7.j.1 ~ 27.7.j.2 ~ 27.7.k.1 ~ 27.7.k.2",2014
"Capros aper",0.042,0.306907,"27.6.a ~ 27.6.b.1 ~ 27.6.b.2 ~ 27.7.a ~ 27.7.b ~ 27.7.c.1 ~ 27.7.c.2 ~ 27.7.d ~ 27.7.e ~ 27.7.f ~ 27.7.g ~ 27.7.h ~ 27.7.j.1 ~ 27.7.j.2 ~ 27.7.k.1 ~ 27.7.k.2 ~ 27.8.a ~ 27.8.b ~ 27.8.c ~ 27.8.d.1 ~ 27.8.d.2 ~ 27.8.e.1 ~ 27.8.e.2",2012
"Capros aper",0.042,0.262608,"27.6.a ~ 27.6.b.1 ~ 27.6.b.2 ~ 27.7.a ~ 27.7.b ~ 27.7.c.1 ~ 27.7.c.2 ~ 27.7.d ~ 27.7.e ~ 27.7.f ~ 27.7.g ~ 27.7.h ~ 27.7.j.1 ~ 27.7.j.2 ~ 27.7.k.1 ~ 27.7.k.2 ~ 27.8.a ~ 27.8.b ~ 27.8.c ~ 27.8.d.1 ~ 27.8.d.2 ~ 27.8.e.1 ~ 27.8.e.2",2013
"Capros aper",0.042,0.18276,"27.6.a ~ 27.6.b.1 ~ 27.6.b.2 ~ 27.7.a ~ 27.7.b ~ 27.7.c.1 ~ 27.7.c.2 ~ 27.7.d ~ 27.7.e ~ 27.7.f ~ 27.7.g ~ 27.7.h ~ 27.7.j.1 ~ 27.7.j.2 ~ 27.7.k.1 ~ 27.7.k.2 ~ 27.8.a ~ 27.8.b ~ 27.8.c ~ 27.8.d.1 ~ 27.8.d.2 ~ 27.8.e.1 ~ 27.8.e.2",2014
"Chelidonichthys cuculus",NA,NA,"27.12.a.4 ~ 27.3.a.20 ~ 27.3.a.21 ~ 27.3.b.23 ~ 27.3.c.22 ~ 27.3.d.24 ~ 27.3.d.25 ~ 27.3.d.26 ~ 27.3.d.27 ~ 27.3.d.28.1 ~ 27.3.d.28.2 ~ 27.3.d.29 ~ 27.3.d.30 ~ 27.3.d.31 ~ 27.3.d.32 ~ 27.4.a ~ 27.4.b ~ 27.4.c ~ 27.5.a.1 ~ 27.5.a.2 ~ 27.5.b.1.a ~ 27.5.b.1.b ~ 27.5.b.2 ~ 27.6.a ~ 27.6.b.1 ~ 27.6.b.2 ~ 27.7.a ~ 27.7.b ~ 27.7.c.1 ~ 27.7.c.2 ~ 27.7.d ~ 27.7.e ~ 27.7.f ~ 27.7.g ~ 27.7.h ~ 27.7.j.1 ~ 27.7.j.2 ~ 27.7.k.1 ~ 27.7.k.2 ~ 27.8.a ~ 27.8.b ~ 27.8.c ~ 27.8.d.1 ~ 27.8.d.2 ~ 27.8.e.1 ~ 27.8.e.2",2012
"Chelidonichthys cuculus",NA,NA,"27.12.a.4 ~ 27.3.a.20 ~ 27.3.a.21 ~ 27.3.b.23 ~ 27.3.c.22 ~ 27.3.d.24 ~ 27.3.d.25 ~ 27.3.d.26 ~ 27.3.d.27 ~ 27.3.d.28.1 ~ 27.3.d.28.2 ~ 27.3.d.29 ~ 27.3.d.30 ~ 27.3.d.31 ~ 27.3.d.32 ~ 27.4.a ~ 27.4.b ~ 27.4.c ~ 27.5.a.1 ~ 27.5.a.2 ~ 27.5.b.1.a ~ 27.5.b.1.b ~ 27.5.b.2 ~ 27.6.a ~ 27.6.b.1 ~ 27.6.b.2 ~ 27.7.a ~ 27.7.b ~ 27.7.c.1 ~ 27.7.c.2 ~ 27.7.d ~ 27.7.e ~ 27.7.f ~ 27.7.g ~ 27.7.h ~ 27.7.j.1 ~ 27.7.j.2 ~ 27.7.k.1 ~ 27.7.k.2 ~ 27.8.a ~ 27.8.b ~ 27.8.c ~ 27.8.d.1 ~ 27.8.d.2 ~ 27.8.e.1 ~ 27.8.e.2",2013
"Chelidonichthys cuculus",NA,NA,"27.12.a.4 ~ 27.3.a.20 ~ 27.3.a.21 ~ 27.3.b.23 ~ 27.3.c.22 ~ 27.3.d.24 ~ 27.3.d.25 ~ 27.3.d.26 ~ 27.3.d.27 ~ 27.3.d.28.1 ~ 27.3.d.28.2 ~ 27.3.d.29 ~ 27.3.d.30 ~ 27.3.d.31 ~ 27.3.d.32 ~ 27.4.a ~ 27.4.b ~ 27.4.c ~ 27.5.a.1 ~ 27.5.a.2 ~ 27.5.b.1.a ~ 27.5.b.1.b ~ 27.5.b.2 ~ 27.6.a ~ 27.6.b.1 ~ 27.6.b.2 ~ 27.7.a ~ 27.7.b ~ 27.7.c.1 ~ 27.7.c.2 ~ 27.7.d ~ 27.7.e ~ 27.7.f ~ 27.7.g ~ 27.7.h ~ 27.7.j.1 ~ 27.7.j.2 ~ 27.7.k.1 ~ 27.7.k.2 ~ 27.8.a ~ 27.8.b ~ 27.8.c ~ 27.8.d.1 ~ 27.8.d.2 ~ 27.8.e.1 ~ 27.8.e.2",2014
"Scomber scombrus",0.191,0.1267588,"27.1.a ~ 27.1.b ~ 27.14.a ~ 27.14.b.1 ~ 27.14.b.2 ~ 27.2.a.1 ~ 27.2.a.2 ~ 27.2.b.1 ~ 27.2.b.2 ~ 27.3.a.20 ~ 27.3.a.21 ~ 27.3.b.23 ~ 27.3.c.22 ~ 27.3.d.24 ~ 27.3.d.25 ~ 27.3.d.26 ~ 27.3.d.27 ~ 27.3.d.28.1 ~ 27.3.d.28.2 ~ 27.3.d.29 ~ 27.3.d.30 ~ 27.3.d.31 ~ 27.3.d.32 ~ 27.4.a ~ 27.4.b ~ 27.4.c ~ 27.5.a.1 ~ 27.5.a.2 ~ 27.5.b.1.a ~ 27.5.b.1.b ~ 27.5.b.2 ~ 27.6.a ~ 27.6.b.1 ~ 27.6.b.2 ~ 27.7.a ~ 27.7.b ~ 27.7.c.1 ~ 27.7.c.2 ~ 27.7.d ~ 27.7.e ~ 27.7.f ~ 27.7.g ~ 27.7.h ~ 27.7.j.1 ~ 27.7.j.2 ~ 27.7.k.1 ~ 27.7.k.2 ~ 27.8.a ~ 27.8.b ~ 27.8.c ~ 27.8.d.1 ~ 27.8.d.2 ~ 27.8.e.1 ~ 27.8.e.2 ~ 27.9.a",2012
"Scomber scombrus",0.191,0.1149828,"27.1.a ~ 27.1.b ~ 27.14.a ~ 27.14.b.1 ~ 27.14.b.2 ~ 27.2.a.1 ~ 27.2.a.2 ~ 27.2.b.1 ~ 27.2.b.2 ~ 27.3.a.20 ~ 27.3.a.21 ~ 27.3.b.23 ~ 27.3.c.22 ~ 27.3.d.24 ~ 27.3.d.25 ~ 27.3.d.26 ~ 27.3.d.27 ~ 27.3.d.28.1 ~ 27.3.d.28.2 ~ 27.3.d.29 ~ 27.3.d.30 ~ 27.3.d.31 ~ 27.3.d.32 ~ 27.4.a ~ 27.4.b ~ 27.4.c ~ 27.5.a.1 ~ 27.5.a.2 ~ 27.5.b.1.a ~ 27.5.b.1.b ~ 27.5.b.2 ~ 27.6.a ~ 27.6.b.1 ~ 27.6.b.2 ~ 27.7.a ~ 27.7.b ~ 27.7.c.1 ~ 27.7.c.2 ~ 27.7.d ~ 27.7.e ~ 27.7.f ~ 27.7.g ~ 27.7.h ~ 27.7.j.1 ~ 27.7.j.2 ~ 27.7.k.1 ~ 27.7.k.2 ~ 27.8.a ~ 27.8.b ~ 27.8.c ~ 27.8.d.1 ~ 27.8.d.2 ~ 27.8.e.1 ~ 27.8.e.2 ~ 27.9.a",2013
"Scomber scombrus",0.191,0.1377059,"27.1.a ~ 27.1.b ~ 27.14.a ~ 27.14.b.1 ~ 27.14.b.2 ~ 27.2.a.1 ~ 27.2.a.2 ~ 27.2.b.1 ~ 27.2.b.2 ~ 27.3.a.20 ~ 27.3.a.21 ~ 27.3.b.23 ~ 27.3.c.22 ~ 27.3.d.24 ~ 27.3.d.25 ~ 27.3.d.26 ~ 27.3.d.27 ~ 27.3.d.28.1 ~ 27.3.d.28.2 ~ 27.3.d.29 ~ 27.3.d.30 ~ 27.3.d.31 ~ 27.3.d.32 ~ 27.4.a ~ 27.4.b ~ 27.4.c ~ 27.5.a.1 ~ 27.5.a.2 ~ 27.5.b.1.a ~ 27.5.b.1.b ~ 27.5.b.2 ~ 27.6.a ~ 27.6.b.1 ~ 27.6.b.2 ~ 27.7.a ~ 27.7.b ~ 27.7.c.1 ~ 27.7.c.2 ~ 27.7.d ~ 27.7.e ~ 27.7.f ~ 27.7.g ~ 27.7.h ~ 27.7.j.1 ~ 27.7.j.2 ~ 27.7.k.1 ~ 27.7.k.2 ~ 27.8.a ~ 27.8.b ~ 27.8.c ~ 27.8.d.1 ~ 27.8.d.2 ~ 27.8.e.1 ~ 27.8.e.2 ~ 27.9.a",2014
"Lepidorhombus whiffiagonis",0.27,0.37,"27.7.b ~ 27.7.c.1 ~ 27.7.c.2 ~ 27.7.d ~ 27.7.e ~ 27.7.f ~ 27.7.g ~ 27.7.h ~ 27.7.j.1 ~ 27.7.j.2 ~ 27.7.k.1 ~ 27.7.k.2 ~ 27.8.a ~ 27.8.b ~ 27.8.d.1 ~ 27.8.d.2",2012
"Lepidorhombus whiffiagonis",0.27,0.47,"27.7.b ~ 27.7.c.1 ~ 27.7.c.2 ~ 27.7.d ~ 27.7.e ~ 27.7.f ~ 27.7.g ~ 27.7.h ~ 27.7.j.1 ~ 27.7.j.2 ~ 27.7.k.1 ~ 27.7.k.2 ~ 27.8.a ~ 27.8.b ~ 27.8.d.1 ~ 27.8.d.2",2013
"Lepidorhombus whiffiagonis",0.27,0.34,"27.7.b ~ 27.7.c.1 ~ 27.7.c.2 ~ 27.7.d ~ 27.7.e ~ 27.7.f ~ 27.7.g ~ 27.7.h ~ 27.7.j.1 ~ 27.7.j.2 ~ 27.7.k.1 ~ 27.7.k.2 ~ 27.8.a ~ 27.8.b ~ 27.8.d.1 ~ 27.8.d.2",2014
"Micromesistius poutassou",0.32,0.113,"27.1.a ~ 27.1.b ~ 27.12.a.1 ~ 27.12.a.2 ~ 27.12.a.3 ~ 27.12.a.4 ~ 27.12.b ~ 27.12.c ~ 27.14.a ~ 27.14.b.1 ~ 27.14.b.2 ~ 27.2.a.1 ~ 27.2.a.2 ~ 27.2.b.1 ~ 27.2.b.2 ~ 27.3.a ~ 27.3.b.23 ~ 27.3.c.22 ~ 27.3.d.24 ~ 27.3.d.25 ~ 27.3.d.26 ~ 27.3.d.27 ~ 27.3.d.28.1 ~ 27.3.d.28.2 ~ 27.3.d.29 ~ 27.3.d.30 ~ 27.3.d.31 ~ 27.3.d.32 ~ 27.4.a ~ 27.4.b ~ 27.4.c ~ 27.5.a.1 ~ 27.5.a.2 ~ 27.5.b.1.a ~ 27.5.b.1.b ~ 27.5.b.2 ~ 27.6.a ~ 27.6.b.1 ~ 27.6.b.2 ~ 27.7.a ~ 27.7.b ~ 27.7.c.1 ~ 27.7.c.2 ~ 27.7.d ~ 27.7.e ~ 27.7.f ~ 27.7.g ~ 27.7.h ~ 27.7.j.1 ~ 27.7.j.2 ~ 27.7.k.1 ~ 27.7.k.2 ~ 27.8.a ~ 27.8.b ~ 27.8.c ~ 27.8.d.1 ~ 27.8.d.2 ~ 27.8.e.1 ~ 27.8.e.2 ~ 27.9.a ~ 27.9.b.1 ~ 27.9.b.2",2012
"Micromesistius poutassou",0.32,0.197,"27.1.a ~ 27.1.b ~ 27.12.a.1 ~ 27.12.a.2 ~ 27.12.a.3 ~ 27.12.a.4 ~ 27.12.b ~ 27.12.c ~ 27.14.a ~ 27.14.b.1 ~ 27.14.b.2 ~ 27.2.a.1 ~ 27.2.a.2 ~ 27.2.b.1 ~ 27.2.b.2 ~ 27.3.a ~ 27.3.b.23 ~ 27.3.c.22 ~ 27.3.d.24 ~ 27.3.d.25 ~ 27.3.d.26 ~ 27.3.d.27 ~ 27.3.d.28.1 ~ 27.3.d.28.2 ~ 27.3.d.29 ~ 27.3.d.30 ~ 27.3.d.31 ~ 27.3.d.32 ~ 27.4.a ~ 27.4.b ~ 27.4.c ~ 27.5.a.1 ~ 27.5.a.2 ~ 27.5.b.1.a ~ 27.5.b.1.b ~ 27.5.b.2 ~ 27.6.a ~ 27.6.b.1 ~ 27.6.b.2 ~ 27.7.a ~ 27.7.b ~ 27.7.c.1 ~ 27.7.c.2 ~ 27.7.d ~ 27.7.e ~ 27.7.f ~ 27.7.g ~ 27.7.h ~ 27.7.j.1 ~ 27.7.j.2 ~ 27.7.k.1 ~ 27.7.k.2 ~ 27.8.a ~ 27.8.b ~ 27.8.c ~ 27.8.d.1 ~ 27.8.d.2 ~ 27.8.e.1 ~ 27.8.e.2 ~ 27.9.a ~ 27.9.b.1 ~ 27.9.b.2",2013
"Micromesistius poutassou",0.32,0.38,"27.1.a ~ 27.1.b ~ 27.12.a.1 ~ 27.12.a.2 ~ 27.12.a.3 ~ 27.12.a.4 ~ 27.12.b ~ 27.12.c ~ 27.14.a ~ 27.14.b.1 ~ 27.14.b.2 ~ 27.2.a.1 ~ 27.2.a.2 ~ 27.2.b.1 ~ 27.2.b.2 ~ 27.3.a ~ 27.3.b.23 ~ 27.3.c.22 ~ 27.3.d.24 ~ 27.3.d.25 ~ 27.3.d.26 ~ 27.3.d.27 ~ 27.3.d.28.1 ~ 27.3.d.28.2 ~ 27.3.d.29 ~ 27.3.d.30 ~ 27.3.d.31 ~ 27.3.d.32 ~ 27.4.a ~ 27.4.b ~ 27.4.c ~ 27.5.a.1 ~ 27.5.a.2 ~ 27.5.b.1.a ~ 27.5.b.1.b ~ 27.5.b.2 ~ 27.6.a ~ 27.6.b.1 ~ 27.6.b.2 ~ 27.7.a ~ 27.7.b ~ 27.7.c.1 ~ 27.7.c.2 ~ 27.7.d ~ 27.7.e ~ 27.7.f ~ 27.7.g ~ 27.7.h ~ 27.7.j.1 ~ 27.7.j.2 ~ 27.7.k.1 ~ 27.7.k.2 ~ 27.8.a ~ 27.8.b ~ 27.8.c ~ 27.8.d.1 ~ 27.8.d.2 ~ 27.8.e.1 ~ 27.8.e.2 ~ 27.9.a ~ 27.9.b.1 ~ 27.9.b.2",2014
